{
  "project_info": {
    "project_number": "846234525596",
    "project_id": "filmapp-48361",
    "storage_bucket": "filmapp-48361.appspot.com"
  },
  "client": [
    {
      "client_info": {
        "mobilesdk_app_id": "1:846234525596:android:6ae082a3e8010b678b7259",
        "android_client_info": {
          "package_name": "com.example.filmapp1"
        }
      },
      "oauth_client": [
        {
          "client_id": "846234525596-1r42aq4nfvdnesj43vm67n264iponnov.apps.googleusercontent.com",
          "client_type": 1,
          "android_info": {
            "package_name": "com.example.filmapp1",
            "certificate_hash": "3e99ab2c5be0c544745c6258cd30d4d03551d967"
          }
        },
        {
          "client_id": "846234525596-pcf4ei1nau60h5rpi52uckid6q5e8nit.apps.googleusercontent.com",
          "client_type": 3
        }
      ],
      "api_key": [
        {
          "current_key": "AIzaSyDegR_YZRbBHr3aFjg9VW134Ta7UkL0q-M"
        }
      ],
      "services": {
        "appinvite_service": {
          "other_platform_oauth_client": [
            {
              "client_id": "846234525596-pcf4ei1nau60h5rpi52uckid6q5e8nit.apps.googleusercontent.com",
              "client_type": 3
            }
          ]
        }
      }
    }
  ],
  "configuration_version": "1"
}